<?xml version="1.0"?>
<pagescount>
	<html_total>1</html_total>
	<html_done>1</html_done>
	<img>12</img>
	<js>11</js>
	<css>2</css>
	<pdf/>
	<doc/>
	<xls/>
	<ppt/>
	<swf/>
	<mp3/>
	<mp4/>
	<wav/>
	<xml/>
	<json/>
	<txt/>
	<fonts/>
	<scraping_reload>1</scraping_reload>
	<is_pretty_url>false</is_pretty_url>
	<is_ebn>false</is_ebn>
	<theme_name>217126</theme_name>
	<server_url_front_page>https://www6.waybackmachinedownloader.com/wdo/files/demo/tomato-timer.com_wazzree_gmail.com_5khsfay8ze5/</server_url_front_page>
	<no_www_url>tomato-timer.com</no_www_url>
	<hosted_domain/>
	<original_archive_url>https://tomato-timer.com/</original_archive_url>
	<final_archive_url>https://tomato-timer.com/</final_archive_url>
	<front_page_code_date/>
	<total_urls_from_api/>
	<search_url_added>false</search_url_added>
	<total_size>948</total_size>
</pagescount>
